<?xml version="1.0" encoding="utf-8" standalone="yes" ?>
<rss version="2.0" xmlns:atom="http://www.w3.org/2005/Atom">
  <channel>
    <title>Categories on POLIW.AT</title>
    <link>/categories/</link>
    <description>Recent content in Categories on POLIW.AT</description>
    <generator>Hugo -- gohugo.io</generator>
    <language>en-us</language>
    <copyright>Omari, SC-LLC</copyright>
    
	<atom:link href="/categories/index.xml" rel="self" type="application/rss+xml" />
    
    
    <item>
      <title>Composer Blog</title>
      <link>/categories/composer-blog/</link>
      <pubDate>Tue, 25 Jul 2017 00:00:00 +0000</pubDate>
      
      <guid>/categories/composer-blog/</guid>
      <description></description>
    </item>
    
    <item>
      <title>Composition</title>
      <link>/categories/composition/</link>
      <pubDate>Tue, 25 Jul 2017 00:00:00 +0000</pubDate>
      
      <guid>/categories/composition/</guid>
      <description></description>
    </item>
    
    <item>
      <title>Live Looping</title>
      <link>/categories/live-looping/</link>
      <pubDate>Tue, 25 Jul 2017 00:00:00 +0000</pubDate>
      
      <guid>/categories/live-looping/</guid>
      <description></description>
    </item>
    
    <item>
      <title>Projects</title>
      <link>/categories/projects/</link>
      <pubDate>Sat, 29 Jul 2017 09:03:34 -0700</pubDate>
      
      <guid>/categories/projects/</guid>
      <description></description>
    </item>
    
  </channel>
</rss>