<?xml version="1.0" encoding="utf-8" standalone="yes" ?>
<rss version="2.0" xmlns:atom="http://www.w3.org/2005/Atom">
  <channel>
    <title>Live Looping on POLIW.AT</title>
    <link>/categories/live-looping/</link>
    <description>Recent content in Live Looping on POLIW.AT</description>
    <generator>Hugo -- gohugo.io</generator>
    <language>en-us</language>
    <copyright>Omari, SC-LLC</copyright>
    <lastBuildDate>Tue, 25 Jul 2017 00:00:00 +0000</lastBuildDate>
    
	<atom:link href="/categories/live-looping/index.xml" rel="self" type="application/rss+xml" />
    
    
    <item>
      <title>The year I was 25</title>
      <link>/2017/07/25/help1/</link>
      <pubDate>Tue, 25 Jul 2017 00:00:00 +0000</pubDate>
      
      <guid>/2017/07/25/help1/</guid>
      <description>I dream in POLIWAT  Also my other account sound
I have been completely sober for 5 days Tuesday 952 PM
At Diridon in San Jose. Hopefully the 17 bus comes and I&amp;rsquo;ll get to my place in Santa Cruz before midnight. My laptop charging porter burned out while on the train so this is the last charge until I repair it. I found a shop in San Jose that has a new pot I can install myself for 40 bucks.</description>
    </item>
    
  </channel>
</rss>