<?xml version="1.0" encoding="utf-8" standalone="yes" ?>
<rss version="2.0" xmlns:atom="http://www.w3.org/2005/Atom">
  <channel>
    <title>POLIW.AT</title>
    <link>/</link>
    <description>Recent content on POLIW.AT</description>
    <generator>Hugo -- gohugo.io</generator>
    <language>en-us</language>
    <copyright>Omari, SC-LLC</copyright>
    <lastBuildDate>Fri, 18 Aug 2017 13:50:52 -0700</lastBuildDate>
    
	<atom:link href="/index.xml" rel="self" type="application/rss+xml" />
    
    
    <item>
      <title>If You Do Not Leave Home, Calamity</title>
      <link>/2017/08/18/if-you-do-not-leave-home-calamity/</link>
      <pubDate>Fri, 18 Aug 2017 13:50:52 -0700</pubDate>
      
      <guid>/2017/08/18/if-you-do-not-leave-home-calamity/</guid>
      <description>730 AM
Called dad P Diddy he didn&amp;rsquo;t answer. But he texted me saying I probably stayed up all night. Not this time!
I walked to the abbey, this is my efficacy when the internet goes down:
why won&#39;t the internet work here at the abbey? nothing is working. What a waste of time computers and phones are so fucking stupid I only curse because I haven&#39;t had nicotine in a very long time.</description>
    </item>
    
    <item>
      <title>Play Hooky Set Sail</title>
      <link>/2017/08/17/play-hooky-set-sail/</link>
      <pubDate>Thu, 17 Aug 2017 10:39:11 -0700</pubDate>
      
      <guid>/2017/08/17/play-hooky-set-sail/</guid>
      <description>I took the day off and went sailing with my friend
My mindset has completely changed. I&amp;rsquo;m young. I&amp;rsquo;m going to do the stupid unsafe thing for a while. I&amp;rsquo;ll survive. And if I don&amp;rsquo;t there will be a catalog of working documenting my journey. It&amp;rsquo;s all about making tracks based off audio collected from the day.
Chris and I sampled his boat, we call it the old gwen drum kit ahahahaha.</description>
    </item>
    
    <item>
      <title>Abs Anonymous</title>
      <link>/2017/08/16/abs-anonymous/</link>
      <pubDate>Wed, 16 Aug 2017 17:11:09 -0700</pubDate>
      
      <guid>/2017/08/16/abs-anonymous/</guid>
      <description>There&amp;rsquo;s a new project.
The 12 steps to better abs.
Abs Anonymous.
And it started because for years, I have been keeping tabs on others with the same name as me, Michael Betts. Mostly to feel better about myself, but also I have this fantasy where we can all start a think tank and solve the world&amp;rsquo;s issues. Or even better not solve them and make a show of our attempts.</description>
    </item>
    
    <item>
      <title>Life Is A Sacred Circle</title>
      <link>/2017/08/15/life-is-a-sacred-circle/</link>
      <pubDate>Tue, 15 Aug 2017 11:36:27 -0700</pubDate>
      
      <guid>/2017/08/15/life-is-a-sacred-circle/</guid>
      <description>Tuesday 1136 AM
I&amp;rsquo;m supposed to be at work by 10 AM. My boss texted me an hour ago then called, but I&amp;rsquo;ve been glued to this track [stefan]() and I worked on early into the morning. The soundscapes are from our professor and mentor David Dunn, and the woman speaking is my relative Cathy Nelson. Her work is so inspiring an entire album could be made from it.</description>
    </item>
    
    <item>
      <title>Back To Office Life</title>
      <link>/2017/08/14/back-to-office-life/</link>
      <pubDate>Mon, 14 Aug 2017 12:46:49 -0700</pubDate>
      
      <guid>/2017/08/14/back-to-office-life/</guid>
      <description>Monday 12 46 PM
I&amp;rsquo;ve been at work since 10 AM and have virtually gotten nothing done. (For my job at least). I can&amp;rsquo;t concentrate to save my life. Today I&amp;rsquo;m going to post some stuff up online to sell.
I can&amp;rsquo;t work because life is short. I have songs to work on. I can&amp;rsquo;t stop.
I&amp;rsquo;m a slave. I&amp;rsquo;m a slave to the beat. The family reunion trip changed my mindset.</description>
    </item>
    
    <item>
      <title>Album Doneish Late To Train</title>
      <link>/2017/08/13/album-doneish-late-to-train/</link>
      <pubDate>Sun, 13 Aug 2017 16:01:52 -0700</pubDate>
      
      <guid>/2017/08/13/album-doneish-late-to-train/</guid>
      <description>Sunday 402 pm
What I&amp;rsquo;m listening to: {}{}{}{}{}{}{}{}{}{}{}{}{}{}{}{}{}{}{} -=-
Marquetteiquette - Betts Family Reunion Album Side A by Michael Betts
=-=
####I was just about damn late to the train
Well I was 11 minutes late, but lucky for me I ride Amtrak and they are always late. I even had a few minutes to spare. I forgot my belt, my dad gave me his. I love him so much.</description>
    </item>
    
    <item>
      <title>Lessons from a Drunk Shaman</title>
      <link>/2017/08/13/lessons-from-a-drunk-shaman/</link>
      <pubDate>Sun, 13 Aug 2017 11:33:48 -0700</pubDate>
      
      <guid>/2017/08/13/lessons-from-a-drunk-shaman/</guid>
      <description>Sunday 1134 AM A golden rule of writing is to choose specific over vague. The drunk shaman would not appreciate my sharing about them online so I will be vague. You are unstoppable when you have a drunken shaman.
Instead of talking about it I&amp;rsquo;m working on a track. This is the master doc for lyrics and iterations on the music.
  ( chug a 40 ) drunk. shaman.</description>
    </item>
    
    <item>
      <title>Straight From The Hospital Bed</title>
      <link>/2017/08/12/straight-from-the-hospital-bed/</link>
      <pubDate>Sat, 12 Aug 2017 17:22:47 -0700</pubDate>
      
      <guid>/2017/08/12/straight-from-the-hospital-bed/</guid>
      <description>Another unfinished project, but the idea is
song involving the final stage of life, and the lryics are basically your final will and testament. I imagine myself would be angry on my deathbed, and anger is an abstraction from fear. I have too many ideas to execute in one life, and that&amp;rsquo;s why I&amp;rsquo;m angry.
I&amp;rsquo;m freestyling on this version. I was actually lying down on my back, in the dark.</description>
    </item>
    
    <item>
      <title>Back In Cali</title>
      <link>/2017/08/12/back-in-cali/</link>
      <pubDate>Sat, 12 Aug 2017 17:14:58 -0700</pubDate>
      
      <guid>/2017/08/12/back-in-cali/</guid>
      <description>Friday 620 pm
Peter hasn&amp;rsquo;t called back again - I called him yesterday.
Chad said he was going to be home in 30 and we were going to walk the neighbor&amp;rsquo;s dogs together. He never showed up and I&amp;rsquo;ve called 3 times. I&amp;rsquo;m very depressed. It&amp;rsquo;s day 2 of sobriety, and my only drug has been in how the day was spent. I worked on the Betts family renunion album from 8am - 6pm.</description>
    </item>
    
    <item>
      <title>Michigan Day 7</title>
      <link>/2017/08/09/michigan-day-7/</link>
      <pubDate>Wed, 09 Aug 2017 12:29:23 -0700</pubDate>
      
      <guid>/2017/08/09/michigan-day-7/</guid>
      <description>I wish I could share my favorite tape. I wish I could even state what&amp;rsquo;s on the tape as well. But what&amp;rsquo;s life without secrets? I&amp;rsquo;ll take the USGOV approach. In 20 years it won&amp;rsquo;t matter so it will be the declassified tapes.
In the meantime I will share a gem I don&amp;rsquo;t want to forget - Tommy Betts the man who mentored my dad in music, and my father. I&amp;rsquo;m playing some piano in the background, and the recorder I left on their table.</description>
    </item>
    
    <item>
      <title>Michigan Day 6 OPEN MIKE </title>
      <link>/2017/08/08/michigan-day-6-open-mike/</link>
      <pubDate>Tue, 08 Aug 2017 12:29:20 -0700</pubDate>
      
      <guid>/2017/08/08/michigan-day-6-open-mike/</guid>
      <description>Brian me and Miles went to a Poetry night in Marquette. 3 cousins! That&amp;rsquo;s a novel experience for me so it was quite exciting. Brian and I each spat a poem, and this is the only place that will have audio from that night. Brian is a good writer and him and him and I both share the schizo gene.
++
909
Let me see if I can find it</description>
    </item>
    
    <item>
      <title>Michigan Day 5 Best Flute Lecture of my life </title>
      <link>/2017/08/07/michigan-day-5-best-flute-lecture-of-my-life/</link>
      <pubDate>Mon, 07 Aug 2017 12:29:15 -0700</pubDate>
      
      <guid>/2017/08/07/michigan-day-5-best-flute-lecture-of-my-life/</guid>
      <description></description>
    </item>
    
    <item>
      <title>Michigan Day 4</title>
      <link>/2017/08/06/michigan-day-4/</link>
      <pubDate>Sun, 06 Aug 2017 12:29:11 -0700</pubDate>
      
      <guid>/2017/08/06/michigan-day-4/</guid>
      <description> These two haven&amp;rsquo;t seen each other since Mammoth in 1985. </description>
    </item>
    
    <item>
      <title>Michigan Day 3</title>
      <link>/2017/08/05/michigan-day-3/</link>
      <pubDate>Sat, 05 Aug 2017 12:29:01 -0700</pubDate>
      
      <guid>/2017/08/05/michigan-day-3/</guid>
      <description>My dad and I went to checkout a guitar on craigslist today. It&amp;rsquo;s &amp;lsquo;instrumental&amp;rsquo; that we get a guitar on this trip, because the magic and emotions have been running high so far.
We had a great time with him, spent 20 minutes cracking jokes and BSing. Erik is hilarious. Towards the end of the transaction, Erik handed me the jacket seen in the picture above. It is my new favorite jacket, and I&amp;rsquo;m dedicating my next track to Erik.</description>
    </item>
    
    <item>
      <title>Michigan Vortex</title>
      <link>/2017/08/05/michigan-vortex/</link>
      <pubDate>Sat, 05 Aug 2017 04:14:17 -0700</pubDate>
      
      <guid>/2017/08/05/michigan-vortex/</guid>
      <description>Saturday 414 AM
I learned a sure of a hell of a lot about the Betts family
Tommy Betts mentored my dad in guitar. Another relative said he came over to Tommy&amp;rsquo;s house one day and said to him at the door &amp;ldquo;Do you drink?&amp;rdquo; &amp;ldquo;Do you fuck?&amp;rdquo;.
glazed doughnut
Saturday 822 AM
Heading to The Betts Family reunion!
This place has been so inspirational, I put off all other projects to instead create a little Michigan EP.</description>
    </item>
    
    <item>
      <title>Michigan Day 2</title>
      <link>/2017/08/04/michigan-day-2/</link>
      <pubDate>Fri, 04 Aug 2017 12:17:56 -0700</pubDate>
      
      <guid>/2017/08/04/michigan-day-2/</guid>
      <description>Got audio of the Lake Superior. A new goal I have is to release my first album on spotify, and it&amp;rsquo;s will simply be an album of different bodies of water I&amp;rsquo;ve recorded 🔥💧😂.
This morning was monumental. I met the most family members in my entire life. We hit the bar Flannigan&amp;rsquo;s ( right next door to the house my dad gew up in ) then the graveyard. That&amp;rsquo;s my grandparents graves on my dad&amp;rsquo;s side.</description>
    </item>
    
    <item>
      <title>Michigan Day 1</title>
      <link>/2017/08/02/michigan-day-1/</link>
      <pubDate>Wed, 02 Aug 2017 12:11:05 -0700</pubDate>
      
      <guid>/2017/08/02/michigan-day-1/</guid>
      <description> thu 134 am
fuck fuck
fuck i forgot to tell james my check didn&amp;rsquo;t clear
i will now when i shit
fuck rent (both the musical and real life)
My dad hasn&amp;rsquo;t been here in his hometown for 37 years. That&amp;rsquo;s him on the left as a kid.   </description>
    </item>
    
    <item>
      <title>Poliwat Master Doc</title>
      <link>/2017/08/02/poliwat-master-doc/</link>
      <pubDate>Wed, 02 Aug 2017 11:49:28 -0700</pubDate>
      
      <guid>/2017/08/02/poliwat-master-doc/</guid>
      <description> main doc for all things related to the poliwat project. If you can&amp;rsquo;t tell it&amp;rsquo;s the favorite of my projects. </description>
    </item>
    
    <item>
      <title>Internet Will Not Be Homogenized</title>
      <link>/2017/08/02/internet-will-not-be-homogenized/</link>
      <pubDate>Wed, 02 Aug 2017 11:45:37 -0700</pubDate>
      
      <guid>/2017/08/02/internet-will-not-be-homogenized/</guid>
      <description>the internet will not be homogenized        (matt /jack playing congas in jack’s studio, michael with microhpone) formatted like” https://youtu.be/QnJFhuOWgXg
the internet will not be brought to you by facebook targeted ads algorithms that deliver you goods via drone before you think you want it yet
Internet service providers will not be the gatekeepers ISPs will not throttle thoughts ISPs will not data discriminate poor people will have the same internet as the rich the internet is a human right that’s the 31st ammendment on the bill of rights we just haven’t wrote it yet put that generation in charge</description>
    </item>
    
    <item>
      <title>Heading To Michigan</title>
      <link>/2017/08/01/heading-to-michigan/</link>
      <pubDate>Tue, 01 Aug 2017 11:42:55 -0700</pubDate>
      
      <guid>/2017/08/01/heading-to-michigan/</guid>
      <description>Smoked a joint last night. It was the first time in 11 days Tuesday 11 43 AM
On a plane to Chicago with my dad. Then we&amp;rsquo;re catching a flight to Marquette, Michigan.
This flight is all about organizing my sound library, and sharing some secret sound.
###This is more for Bonnie | family data sheet | dad&amp;rsquo;s side - Michigan
Dad&amp;rsquo;s dad was born in &amp;lsquo;Municin&amp;rsquo;
Tuesday 638 PM On the final flight, heading from Chicago to Marquette.</description>
    </item>
    
    <item>
      <title>How To Breath When</title>
      <link>/2017/07/31/how-to-breath-when/</link>
      <pubDate>Mon, 31 Jul 2017 13:58:37 -0700</pubDate>
      
      <guid>/2017/07/31/how-to-breath-when/</guid>
      <description>Just jumped in the ocean and practiced handstands. This guy showed me how to go from your butt to a handstand There are different types of breathing.
 Square breathing
  In middle school my therapist (whose email was hypnohupp) taught me square breathing.
You inhale for 10 seconds, hold for 10, exhale for 10, hold for 10, rinse and repeat.
I like to start at 5 seconds and then increase the time after a few cycles through.</description>
    </item>
    
    <item>
      <title>Chessy The Bus</title>
      <link>/2017/07/31/chessy-the-bus/</link>
      <pubDate>Mon, 31 Jul 2017 11:19:39 -0700</pubDate>
      
      <guid>/2017/07/31/chessy-the-bus/</guid>
      <description>How many times have you texted someone I love you in a grocery line how many times will I drink a sip too many and say something just outside of bounds but there is no longer a ref to call it how many fouls can you get away with in life, and how? that’s a quora question.
how many times will I fall in love? how many times will I fail before I succeed</description>
    </item>
    
    <item>
      <title>Aa On A Train</title>
      <link>/2017/07/31/aa-on-a-train/</link>
      <pubDate>Mon, 31 Jul 2017 11:17:08 -0700</pubDate>
      
      <guid>/2017/07/31/aa-on-a-train/</guid>
      <description></description>
    </item>
    
    <item>
      <title>Death Of Panda</title>
      <link>/2017/07/31/death-of-panda/</link>
      <pubDate>Mon, 31 Jul 2017 11:02:47 -0700</pubDate>
      
      <guid>/2017/07/31/death-of-panda/</guid>
      <description>take death in pride
My cat died a few a couple months ago. It occurred around the time that %^&amp;amp;#$% broke up with me. I haven&amp;rsquo;t talked about it since, but being home the past few days I was reminded how much I missed her. { The cat, not my X }
Some tape of my crying mom plus drunk best childhood friend talking of the recent death of our lovely cat, panda</description>
    </item>
    
    <item>
      <title>Star Screwdrivers</title>
      <link>/2017/07/30/star-screwdrivers/</link>
      <pubDate>Sun, 30 Jul 2017 13:07:16 -0700</pubDate>
      
      <guid>/2017/07/30/star-screwdrivers/</guid>
      <description>Sunday 108 PM
I&amp;rsquo;m pissed
real pissed. all I&amp;rsquo;ve got done today is 25 pushups / 50 confucious canooes / took my laptop apart. heading to the store for the second time with my dad to get a bunch of tiny star screwdrivers. I&amp;rsquo;m just going to get a kit of 1-10mm for this time and in the future.
Of the two meetings I scheduled with friends today, both forgot, and I should&amp;rsquo;ve completely been expecting that.</description>
    </item>
    
    <item>
      <title>Lost And Found</title>
      <link>/2017/07/29/lost-and-found/</link>
      <pubDate>Sat, 29 Jul 2017 14:28:03 -0700</pubDate>
      
      <guid>/2017/07/29/lost-and-found/</guid>
      <description>There&amp;rsquo;s this girl on the train. She has a nice SLR camera. For the past hour She&amp;rsquo;s been sneaking photos of people in the lounge car. She might&amp;rsquo;ve even gotten me, but I&amp;rsquo;m not sure.
I got her though  this was recorded on the sixth floor of a stairwell at my uni dorms. I was messing with a made-up, by ear tuning. I don&amp;rsquo;t know what key this is. I&amp;rsquo;m tone deaf.</description>
    </item>
    
    <item>
      <title>The Final TODO List</title>
      <link>/2017/07/29/the-final-todo-list/</link>
      <pubDate>Sat, 29 Jul 2017 13:08:54 -0700</pubDate>
      
      <guid>/2017/07/29/the-final-todo-list/</guid>
      <description> TBA TBA TBA TBA TBA TBA TBA TBA TBA when I&#39;m ready  </description>
    </item>
    
    <item>
      <title>Best Lecture Of My Undergrad Career</title>
      <link>/2017/07/29/best-lecture-of-my-undergrad-career/</link>
      <pubDate>Sat, 29 Jul 2017 13:02:38 -0700</pubDate>
      
      <guid>/2017/07/29/best-lecture-of-my-undergrad-career/</guid>
      <description> TBA </description>
    </item>
    
    <item>
      <title>She Breaking Glass Ceiling</title>
      <link>/2017/07/29/she-breaking-glass-ceiling/</link>
      <pubDate>Sat, 29 Jul 2017 11:38:49 -0700</pubDate>
      
      <guid>/2017/07/29/she-breaking-glass-ceiling/</guid>
      <description>saturday 1139 am * boarding a train @noon*
this project is special I started she breaking glass ceiling last Fall. I made the hook of the track while walking from my dorm to the studio listening to a BADBADNOTGOOD track on repeat. I got the flow of it and wanted to fix the words, it took hours to get it to its final form here;
 You&#39;ll need a lighter to hire her she aspire to conquer perspire till you retire she think in code on computer she walking you stalker she feeling you heeling at uni barely breaking even but breaking glass Ceiling she breaking glass ceiling   Tuesday 253 pm *  I need to find someone to colab with in order to finish this track.</description>
    </item>
    
    <item>
      <title>Grasshopper My Grasshopper</title>
      <link>/2017/07/29/grasshopper-my-grasshopper/</link>
      <pubDate>Sat, 29 Jul 2017 09:47:16 -0700</pubDate>
      
      <guid>/2017/07/29/grasshopper-my-grasshopper/</guid>
      <description>incomplete Song set in a meadow where I&amp;rsquo;m walking, and asking a grasshopper I find for some life advice. I proceed to please my case. Grasshopper listens then gives me some generic advice response.
Game is to stick to this master / apprentice relationship with stuff. Keep it cool kung foo, karate kid, kill bill, etc&amp;hellip;
Current state (instrumental)  &amp;lt;verse1&amp;gt; I speak to you in total confidence in consequence in pool go go girl went postal in my post office be super nice cause most are lost most are lonely few are loud I am loud I am proud Im a prophet of my past predicated upon all my mistakes if I love jimminy cricket spitting to crickets my miss takes I spit to you my Grasshopper I need a mentor I need a guru I need a mentor I cannot take this I cannot fake this no more I cannot take this no more I cannot work her no more [[need more shit]] &amp;lt;b&amp;gt;hook&amp;lt;/b&amp;gt; wax on | wax off?</description>
    </item>
    
    <item>
      <title>Trapt In The Womb</title>
      <link>/2017/07/29/trapt-in-the-womb/</link>
      <pubDate>Sat, 29 Jul 2017 09:03:34 -0700</pubDate>
      
      <guid>/2017/07/29/trapt-in-the-womb/</guid>
      <description>had 2 beers last night Currently working on a trap song with lyrics exploring the perspective of not being born yet, and not necessarily wanting to be born. Since you&amp;rsquo;re constrained to the reality of our politics, biology, and paradigms; such as religion, capitalism, etc.
current state  I got the idea at my sister&amp;rsquo;s house, when I took an image of her sonogram and ran it through a max msp patch that converted the image data to MIDI.</description>
    </item>
    
    <item>
      <title>Look Out The Window</title>
      <link>/2017/07/29/look-out-the-window/</link>
      <pubDate>Sat, 29 Jul 2017 08:54:37 -0700</pubDate>
      
      <guid>/2017/07/29/look-out-the-window/</guid>
      <description>Look out the Window
Fantasy task list: Go to this document when needing a title for a track
On caltrain and I have to shit so bad. I have 40 minutes until I hit San Hoe.
Gossip:
Lisa currently won&amp;rsquo;t talk to her dad because he bought a tesla She is also having some sort of relations with a prisoner where she volunteers
Saturday 106 pm
Amtrak was two hours late.</description>
    </item>
    
    <item>
      <title>What Im Sitting On</title>
      <link>/2017/07/29/what-im-sitting-on/</link>
      <pubDate>Sat, 29 Jul 2017 01:11:27 -0700</pubDate>
      
      <guid>/2017/07/29/what-im-sitting-on/</guid>
      <description>300 gigs of my own personal audio recordings. Saturday 116 AM
The biggest treasure of my life is my recordings. I collect audio every day. Normal slice of life things. I constantly record people without them knowing. I call it guerilla audio, and I&amp;rsquo;m not going to stop. You can tell me it&amp;rsquo;s immoral, illegal, douchie, lock me up, kick my ass, and I still won&amp;rsquo;t stop. Strong words have been tossed between friends and family, and every once in a while someone tries to speak against it.</description>
    </item>
    
    <item>
      <title>The Center Of Github</title>
      <link>/2017/07/28/the-center-of-github/</link>
      <pubDate>Fri, 28 Jul 2017 23:17:06 -0700</pubDate>
      
      <guid>/2017/07/28/the-center-of-github/</guid>
      <description>the center of github
 I have a romantic thought. What’s at the center of Github? I imagine a room where someone makes beats as a 9-5. These beats help fuel the rest of the programming community. This person makes an instrumental track for each git command. Each track has it’s stems available on github.
My day job right now is web development. I am a primarily self taught programmer. I haven’t gone beyond doodling.</description>
    </item>
    
    <item>
      <title>I, your therapist at wits end</title>
      <link>/2017/07/28/i-your-therapist-at-wits-end/</link>
      <pubDate>Fri, 28 Jul 2017 23:00:13 -0700</pubDate>
      
      <guid>/2017/07/28/i-your-therapist-at-wits-end/</guid>
      <description>Friday 533 PM | OnCalTrain | JULY 28 2017 | #####I your therapist at wits end
Had 1 beer @ [jack&amp;rsquo;s]() house and we livestreamed the Sims 3 on Twitch as prep for our play. Just wanted to report on an occurrence that happened a couple months ago. After my last breakup, I went a little off the rails. No, not talking ruby, I maintained a healthy ecosystem of smoke and drink each day.</description>
    </item>
    
    <item>
      <title>Model_parents</title>
      <link>/2017/07/28/model_parents/</link>
      <pubDate>Fri, 28 Jul 2017 16:38:47 -0700</pubDate>
      
      <guid>/2017/07/28/model_parents/</guid>
      <description>I always wished I grew up in a household like this. I wanted nothing more than a laptop since the age of 6, but didn&amp;rsquo;t get my hands on a computer until some extreme manipulation in seventh grade. I got a shitty Dell that would run World of Warcraft at 12 FPS in Ogrimmar or Dalaran. I was an incredibly annoying lock for a while but my real soul was ganking, dueling and general pvping as an undead rogue.</description>
    </item>
    
    <item>
      <title>Pbjmaster_1</title>
      <link>/2017/07/28/pbjmaster_1/</link>
      <pubDate>Fri, 28 Jul 2017 10:30:53 -0700</pubDate>
      
      <guid>/2017/07/28/pbjmaster_1/</guid>
      <description>Friday 10:31 AM
Don&amp;rsquo;t start reading until you play this
A major client we have here has a major page down for their international (french site). I really had to shit and drink coffee so I wasn&amp;rsquo;t much help and now I should be working on fixing that, but am also consulting my buddy tyler on some flexbox use for a client of his.
Going to Michigan on Tuesday, so real quick notes, these things have to happen today -</description>
    </item>
    
    <item>
      <title>Help</title>
      <link>/2017/07/27/help/</link>
      <pubDate>Thu, 27 Jul 2017 12:19:02 -0700</pubDate>
      
      <guid>/2017/07/27/help/</guid>
      <description>Bounce hour
Every week at my work there&amp;rsquo;s an hour where you can share your projects / ideas over free coffee and snacks. I go for the free coffee and snacks.
I don&amp;rsquo;t have any new ideas but listening to all my unfinished beats.
// need to make more music
 Yesterday I failed at making live loops because I didn&amp;rsquo;t have good old DJ Chad Mike hitting record for me.</description>
    </item>
    
    <item>
      <title>somedays just to live is courage</title>
      <link>/2017/07/26/somedays-just-to-live-is-courage/</link>
      <pubDate>Wed, 26 Jul 2017 20:42:10 -0700</pubDate>
      
      <guid>/2017/07/26/somedays-just-to-live-is-courage/</guid>
      <description>Wed 842 pm July 26 2017-06
I don&amp;rsquo;t have anything to type anymore. I&amp;rsquo;ve been sober for a full 7 days now, and I&amp;rsquo;m pissed. I am angry. I will use this anger to get shit done, like log work hours, work on music
Todd hooked me up big time at the fab lab, and I met Chris and Jordan. Chris Maddox printed the first versions of POLIWAT for me and I&amp;rsquo;m super amped on it.</description>
    </item>
    
    <item>
      <title>The year I was 25</title>
      <link>/2017/07/25/help1/</link>
      <pubDate>Tue, 25 Jul 2017 00:00:00 +0000</pubDate>
      
      <guid>/2017/07/25/help1/</guid>
      <description>I dream in POLIWAT  Also my other account sound
I have been completely sober for 5 days Tuesday 952 PM
At Diridon in San Jose. Hopefully the 17 bus comes and I&amp;rsquo;ll get to my place in Santa Cruz before midnight. My laptop charging porter burned out while on the train so this is the last charge until I repair it. I found a shop in San Jose that has a new pot I can install myself for 40 bucks.</description>
    </item>
    
  </channel>
</rss>