<?xml version="1.0" encoding="utf-8" standalone="yes" ?>
<rss version="2.0" xmlns:atom="http://www.w3.org/2005/Atom">
  <channel>
    <title>Projects on POLIW.AT</title>
    <link>/categories/projects/</link>
    <description>Recent content in Projects on POLIW.AT</description>
    <generator>Hugo -- gohugo.io</generator>
    <language>en-us</language>
    <copyright>Omari, SC-LLC</copyright>
    <lastBuildDate>Sat, 29 Jul 2017 09:03:34 -0700</lastBuildDate>
    
	<atom:link href="/categories/projects/index.xml" rel="self" type="application/rss+xml" />
    
    
    <item>
      <title>Trapt In The Womb</title>
      <link>/main-quests/trapt-in-the-womb/</link>
      <pubDate>Sat, 29 Jul 2017 09:03:34 -0700</pubDate>
      
      <guid>/main-quests/trapt-in-the-womb/</guid>
      <description>had 2 beers last night Currently working on a trap song with lyrics exploring the perspective of not being born yet, and not necessarily wanting to be born. Since you&amp;rsquo;re constrained to the reality of our politics, biology, and paradigms; such as religion, capitalism, etc.
current state  I got the idea at my sister&amp;rsquo;s house, when I took an image of her sonogram and ran it through a max msp patch that converted the image data to MIDI.</description>
    </item>
    
    <item>
      <title>Trapt In The Womb</title>
      <link>/2017/07/29/trapt-in-the-womb/</link>
      <pubDate>Sat, 29 Jul 2017 09:03:34 -0700</pubDate>
      
      <guid>/2017/07/29/trapt-in-the-womb/</guid>
      <description>had 2 beers last night Currently working on a trap song with lyrics exploring the perspective of not being born yet, and not necessarily wanting to be born. Since you&amp;rsquo;re constrained to the reality of our politics, biology, and paradigms; such as religion, capitalism, etc.
current state  I got the idea at my sister&amp;rsquo;s house, when I took an image of her sonogram and ran it through a max msp patch that converted the image data to MIDI.</description>
    </item>
    
  </channel>
</rss>