<?xml version="1.0" encoding="utf-8" standalone="yes" ?>
<rss version="2.0" xmlns:atom="http://www.w3.org/2005/Atom">
  <channel>
    <title>Tags on POLIW.AT</title>
    <link>/tags/</link>
    <description>Recent content in Tags on POLIW.AT</description>
    <generator>Hugo -- gohugo.io</generator>
    <language>en-us</language>
    <copyright>Omari, SC-LLC</copyright>
    <lastBuildDate>Tue, 25 Jul 2017 00:00:00 +0000</lastBuildDate>
    
	<atom:link href="/tags/index.xml" rel="self" type="application/rss+xml" />
    
    
    <item>
      <title>Ssss</title>
      <link>/tags/ssss/</link>
      <pubDate>Tue, 25 Jul 2017 00:00:00 +0000</pubDate>
      
      <guid>/tags/ssss/</guid>
      <description></description>
    </item>
    
    <item>
      <title>Vvvvv</title>
      <link>/tags/vvvvv/</link>
      <pubDate>Tue, 25 Jul 2017 00:00:00 +0000</pubDate>
      
      <guid>/tags/vvvvv/</guid>
      <description></description>
    </item>
    
    <item>
      <title>Xxx</title>
      <link>/tags/xxx/</link>
      <pubDate>Tue, 25 Jul 2017 00:00:00 +0000</pubDate>
      
      <guid>/tags/xxx/</guid>
      <description></description>
    </item>
    
    <item>
      <title>Yyy</title>
      <link>/tags/yyy/</link>
      <pubDate>Tue, 25 Jul 2017 00:00:00 +0000</pubDate>
      
      <guid>/tags/yyy/</guid>
      <description></description>
    </item>
    
  </channel>
</rss>